Sponsor Type,Sponsor,Reporting/Tracking Tool,Tracking Method/Format,Grant/Project Number Format,Searchable Database,Reporting Tool Link
Federal,National Institutes of Health (NIH),NIH Reporter,"Grant/Project Number, Project Title, PI Name, Organization, Keyword",#A##AA######-##,X,https://report.nih.gov/
Federal,National Science Foundation (NSF),Award Search,"Grant/Project Number, PI Name, Organization, Keyword",#######,X,http://nsf.gov/awardsearch/
Federal,US Department of Agriculture (USDA),Current Research Information System (CRIS),"Grant/Project Number, Project Title, PI Name, Organization, Keyword",#######,X,http://cris.nifa.usda.gov/
Federal,National Endowment for the Humanities (NEH),Funded Projects Query Form,"Grant/Project Number, PI Name, Organization",AA-#####-##,X,https://securegrants.neh.gov/publicquery/main.aspx
Federal,National Endowment for the Arts (NEA),Grant Search (awards since 1998),"Organization, PI Name, Keyword, Grant/Project Number, Topic",##-####-####,X,https://apps.nea.gov/grantsearch/
Federal,Institute of Education Sciences (IES),Funding Opportunities: Search Funded Research Grants and Contracts,"Grant/Project Number, Organization, Project Title, PI Name",A###A######,X,http://ies.ed.gov/funding/grantsearch/index.asp
State,California Energy Commission,Notices of Proposed Awards; Notices of Selection,Organization,######,,http://www.energy.ca.gov/contracts/
State,California Department of Education,Funding Results,"Fiscal Year, Keyword, Topic",##-#####-####-##,X,http://www.cde.ca.gov/fg/fo/fr/
State,California Department of Food and Agriculture,Award listing,"Fiscal Year, Organization, PI Name",######,,https://www.cdfa.ca.gov/Specialty_Crop_Competitiveness_Grants/FFY2015.html
Private Foundation,Rita Allen Foundation,Current Grants,"Fiscal Year, Organization, PI Name",n/a,,http://www.ritaallen.org/current-grants.htm
Private Foundation,The David & Lucile Packard Foundation,Grants Database,"Fiscal Year, Keyword, Organization, PI Name, Project Title, Topic",#########,X,https://www.packard.org/what-we-fund/grants-database/
Private Foundation,W.M. Keck Foundation,Grant Abstracts by program,"Fiscal Year, Organization, PI Name",n/a,,http://www.wmkeck.org/grant-programs/research/medical-research-grant-abstracts
,,,,,,